{
    "parent": "item/generated",
    "textures": {
        "layer0": "item/paper"
    },
    "overrides": [
        {
            "predicate": { "custom_model_data": 1 },
            "model": "item/custom/menu/avatar_revival"
        },
        {
            "predicate": { "custom_model_data": 2 },
            "model": "item/custom/menu/nunium_shop"
        },
        {
            "predicate": { "custom_model_data": 3 },
            "model": "item/custom/teleport/spawn"
        },
        {
            "predicate": { "custom_model_data": 4 },
            "model": "item/custom/teleport/core"
        },
        {
            "predicate": { "custom_model_data": 5 },
            "model": "item/custom/skill/cheetah"
        },
        {
            "predicate": { "custom_model_data": 6 },
            "model": "item/custom/skill/turtle"
        },
        {
            "predicate": { "custom_model_data": 7 },
            "model": "item/custom/skill/wild_boar"
        },
        {
            "predicate": { "custom_model_data": 8 },
            "model": "item/custom/skill/roe_deer"
        },
        {
            "predicate": { "custom_model_data": 9 },
            "model": "item/custom/skill/four_leaf_clover"
        }
    ]
}