{
    "parent": "item/generated",
    "textures": {
        "layer0": "item/ender_eye"
    },
    "overrides": [
        {
            "predicate": { "custom_model_data": 1 },
            "model": "item/custom/spawn_teleport_book"
        },
        {
            "predicate": { "custom_model_data": 2 },
            "model": "item/custom/team_core_teleport_book"
        },
        {
            "predicate": { "custom_model_data": 3 },
            "model": "item/custom/avatar_call_book"
        },
        {
            "predicate": { "custom_model_data": 4 },
            "model": "item/custom/avatar_revival_book"
        }
    ]
}